practice_code	list_size	postcode	grid_ref	easting	northing	latitude	longitude
10002	8102	DD2 5NH	NO 34464 34231	334464	734231	56.49558	-3.0660551
10017	6620	PH7 3SA	NN 86284 21318	286284	721318	56.370449	-3.8426253
10036	4758	PH15 2BL	NN 85313 48970	285313	748970	56.618507	-3.8705215
10106	6075	DD5 1DU	NO 45697 31077	345697	731077	56.46868	-2.8829746
10125	4385	PH11 8EQ	NO 24669 48039	324669	748039	56.618133	-3.2291243
10182	9188	DD11 1AD	NO 64410 40936	364410	740936	56.559036	-2.5806257
10233	6243	DD11 1EN	NO 64440 41120	364440	741120	56.560692	-2.5801629
10286	4506	DD11 1ES	NO 64540 41115	364540	741115	56.560654	-2.5785353
10322	7960	DD11 1ES	NO 64540 41115	364540	741115	56.560654	-2.5785353
10361	10708	PH3 1JH	NN 93787 12528	293787	712528	56.293259	-3.7176675
10407	7827	PH10 6EF	NO 17448 44644	317448	744644	56.586424	-3.3456702
10445	3744	PH10 6BT	NO 17786 44931	317786	744931	56.589061	-3.34026
10498	8409	DD9 7AN	NO 60205 60421	360205	760421	56.733735	-2.6520473
10638	13103	DD7 7RB	NO 54889 34496	354889	734496	56.500365	-2.7343909
10708	2698	PH6 2LW	NN 77950 21455	277950	721455	56.369601	-3.9775264
10746	5973	PH13 9DD	NO 22288 39940	322288	739940	56.545002	-3.2654788
10835	4183	PH7 3SA	NN 86284 21318	286284	721318	56.370449	-3.8426253
11005	4676	DD4 6PP	NO 41220 31422	341220	731422	56.471241	-2.9557061
11058	8526	DD1 1PF	NO 39855 30093	339855	730093	56.45913	-2.977552
11096	4772	DD2 2HZ	NO 38077 31176	338077	731176	56.468628	-3.0066554
11128	9404	DD4 6EL	NO 41116 31055	341116	731055	56.467931	-2.9573109
11166	8931	DD3 8DB	NO 39643 31960	339643	731960	56.475874	-2.9814241
11171	10944	DD2 4AD	NO 35689 30940	335689	730940	56.466187	-3.0453489
11289	8763	DD4 6DG	NO 41060 30956	341060	730956	56.467035	-2.9581973
11306	9231	DD5 1EP	NO 46022 30839	346022	730839	56.466579	-2.877651
11363	11662	DD1 5LA	NO 38998 29893	338998	729893	56.457223	-2.9914091
11382	9482	DD4 6RB	NO 40976 31092	340976	731092	56.468246	-2.9595912
11414	5213	DD1 4JH	NO 39053 29853	339053	729853	56.456871	-2.9905074
11486	7689	DD4 6QY	NO 40907 31216	340907	731216	56.469351	-2.9607391
11645	8535	DD4 6QY	NO 40907 31216	340907	731216	56.469351	-2.9607391
11650	6095	DD4 6SW	NO 41053 31442	341053	731442	56.471399	-2.9584209
11823	8502	DD3 8NE	NO 38968 33292	338968	733292	56.487751	-2.9926925
11861	7934	DD3 6NF	NO 40032 31120	340032	731120	56.468378	-2.9749168
11931	6135	DD4 7AA	NO 41126 31672	341126	731672	56.473474	-2.9572881
12210	3613	DD2 2HZ	NO 38077 31176	338077	731176	56.468628	-3.0066554
12281	7567	DD1 1PB	NO 39931 29929	339931	729929	56.457667	-2.9762812
12831	3965	DD2 3BR	NO 37897 31426	337897	731426	56.47085	-3.009636
12901	4204	DD4 0HU	NO 43130 33441	343130	733441	56.489612	-2.9251493
13049	4091	PH8 0AD	NO 02620 42230	302620	742230	56.561899	-3.5860861
13091	2691	DD9 7TA	NO 60032 69039	360032	769039	56.811135	-2.6562247
13142	3282	PH2 7TD	NO 26091 23978	326091	723978	56.402245	-3.1991147
13195	3935	DD8 2AE	NO 45558 50391	345558	750391	56.642157	-2.8892912
13231	9206	DD8 2HA	NO 45976 50649	345976	750649	56.644523	-2.8825307
13284	6815	DD8 2AS	NO 45776 50395	345776	750395	56.642218	-2.885738
13335	3477	DD11 4TX	NO 59298 49716	359298	749716	56.637493	-2.6651726
13369	1881	DD2 5AD	NO 34622 30196	334622	730196	56.459357	-3.0624759
13481	9920	KY13 8FP	NO 11705 03427	311705	703427	56.215195	-3.4252379
13496	4063	KY13 8FP	NO 11705 03427	311705	703427	56.215195	-3.4252379
13532	8776	DD8 4ES	NO 38422 53924	338422	753924	56.673006	-3.0064706
13571	10938	DD5 4LX	NO 49512 32507	349512	732507	56.48195	-2.8213395
13621	6836	DD10 8TY	NO 72172 57699	372172	757699	56.710152	-2.456164
13660	4730	DD10 8TY	NO 72172 57699	372172	757699	56.710152	-2.456164
13706	5894	DD10 8TY	NO 72172 57699	372172	757699	56.710152	-2.456164
13848	6558	PH2 0JB	NO 10871 23411	310871	723411	56.394524	-3.4454437
13891	9187	PH1 1PP	NO 10935 23769	310935	723769	56.397751	-3.4445291
13941	10880	PH2 0JB	NO 10871 23411	310871	723411	56.394524	-3.4454437
13975	3727	PH1 5PD	NO 11492 23831	311492	723831	56.398413	-3.4355294
14037	15785	PH1 1NU	NO 10553 23562	310553	723562	56.39582	-3.4506449
14249	6999	PH1 1PP	NO 10935 23769	310935	723769	56.397751	-3.4445291
14291	9377	PH2 8HH	NO 11251 23444	311251	723444	56.394892	-3.4393013
14342	6389	PH1 5PD	NO 11492 23831	311492	723831	56.398413	-3.4355294
14501	4915	PH16 5FG	NN 93725 57977	293725	757977	56.701371	-3.7372332
14569	4250	PH1 4NN	NO 11148 33151	311148	733151	56.482053	-3.4442724
16013	3617	TD1 1PF	NT 48887 36422	348887	636422	55.618686	-2.8131157
16032	6928	TD8 6EN	NT 65164 20675	365164	620675	55.478642	-2.552702
16047	1579	TD9 0RU	NY 48333 87822	348333	587822	55.181974	-2.8128967
16051	6963	TD6 0PP	NT 57741 31702	357741	631702	55.57713	-2.6718216
16066	6669	TD11 3XP	NT 86941 56460	386941	656460	55.801246	-2.2098826
16085	7365	TD7 4LJ	NT 47143 28840	347143	628840	55.55038	-2.8393478
16121	4743	EH44 6QE	NT 32893 36339	332893	636339	55.615994	-3.0669991
16136	11852	TD5 7LF	NT 72976 34533	372976	634533	55.603653	-2.4304703
16141	6080	TD9 9HU	NT 50422 14653	350422	614653	55.423261	-2.7848421
16160	5922	EH45 8JG	NT 24702 40483	324702	640483	55.65202	-3.1981509
16174	3953	EH46 7EX	NT 15166 51933	315166	651933	55.753298	-3.3531968
16193	2988	TD1 2UA	NT 49516 36099	349516	636099	55.61585	-2.8030704
16206	3865	TD12 4LQ	NT 83463 39370	383463	639370	55.647586	-2.2643217
16211	6004	EH45 8JG	NT 24702 40483	324702	640483	55.65202	-3.1981509
16230	4927	TD1 2UA	NT 49516 36099	349516	636099	55.61585	-2.8030704
16244	1991	TD1 2UA	NT 49516 36099	349516	636099	55.61585	-2.8030704
16259	5006	TD1 2UA	NT 49516 36099	349516	636099	55.61585	-2.8030704
16282	3174	TD11 3EL	NT 78681 53305	378681	653305	55.772604	-2.3413932
16475	1402	TD10 6XJ	NT 71065 46165	371065	646165	55.708055	-2.4620294
16507	6570	TD14 5DD	NT 94373 64204	394373	664204	55.870971	-2.0914937
16545	11288	TD9 9DT	NT 50254 14640	350254	614640	55.423127	-2.7874937
16550	4706	TD1 2SQ	NT 45692 44578	345692	644578	55.691614	-2.865454
16564	3260	TD4 6DW	NT 57303 38354	357303	638354	55.636858	-2.6798015
18057	2963	DG9 7DW	NX 06334 60298	206334	560298	54.899764	-5.0219088
18095	4849	DG9 7DW	NX 06334 60298	206334	560298	54.899764	-5.0219088
18112	721	DG9 9QQ	NX 13537 36471	213537	536471	54.688658	-4.8944043
18151	3899	DG8 6NR	NX 41280 65593	241280	565593	54.959629	-4.480453
18184	6697	DG7 3EE	NX 76982 63407	276982	563407	54.95009	-3.9223146
18199	6446	DG6 4BJ	NX 68416 50808	268416	550808	54.834757	-4.0502127
18216	3956	DG7 3EE	NX 76982 63407	276982	563407	54.95009	-3.9223146
18235	1833	DG7 3RN	NX 63394 77486	263394	577486	55.07298	-4.1410477
18240	4889	DG5 4AZ	NX 82991 60814	282991	560814	54.928248	-3.8274887
18254	2795	DG2 8BY	NX 96489 66147	296489	566147	54.979136	-3.6188733
18273	6624	DG1 2PX	NX 97398 75701	297398	575701	55.065144	-3.6081095
18288	3757	DG1 1TR	NX 98864 79183	298864	579183	55.096722	-3.5864021
18305	9495	DG2 9BH	NX 96219 76558	296219	576558	55.072597	-3.6268748
18310	13400	DG1 4EJ	NX 98757 75534	298757	575534	55.063923	-3.5867797
18324	4583	DG4 6BT	NS 78051 10102	278051	610102	55.369715	-3.925744
18339	3840	DG3 5AA	NX 87819 94837	287819	594837	55.234944	-3.7656016
18343	3950	DG2 0UJ	NX 86890 84338	286890	584338	55.140435	-3.776001
18358	4578	DG11 2BJ	NY 13511 81664	313511	581664	55.121783	-3.3577081
18377	5760	DG11 1NH	NY 08275 82475	308275	582475	55.128126	-3.440044
18396	5246	DG10 9JP	NT 08357 05306	308357	605306	55.333231	-3.4461827
18409	6456	DG12 6GS	NY 19296 66484	319296	566484	54.986385	-3.262723
18413	7491	DG12 6GN	NY 19296 66484	319296	566484	54.986385	-3.262723
18428	4887	DG16 5NA	NY 31783 67089	331783	567089	54.993689	-3.0677697
18432	2169	DG14 0UX	NY 39303 76473	339303	576473	55.078978	-2.9522489
18447	2834	DG13 0JY	NY 36386 84491	336386	584491	55.150651	-2.9997289
18451	2890	DG11 3BT	NY 19317 74547	319317	574547	55.058825	-3.264674
18560	11959	DG1 1DL	NX 97051 76311	297051	576311	55.070551	-3.6137611
18574	2436	DG9 9DP	NX 09734 50194	209734	550194	54.810393	-4.9623042
18589	2031	DG8 0PU	NX 20308 57594	220308	557594	54.880716	-4.8025878
18593	4486	DG9 7DW	NX 06334 60298	206334	560298	54.899764	-5.0219088
18611	3159	DG8 8PS	NX 44613 40691	244613	540691	54.737101	-4.41505
18625	4521	DG8 6NR	NX 41280 65593	241280	565593	54.959629	-4.480453
20004	6288	KY10 3FF	NO 57198 04106	357198	704106	56.227573	-2.6919213
20057	5658	KY14 7AW	NO 23880 11486	323880	711486	56.289689	-3.2313082
20108	8022	KY8 1HJ	NT 35535 98610	335535	698610	56.175755	-3.0399214
20151	5298	KY3 9DF	NT 23450 85808	323450	685808	56.058972	-3.2308492
20184	1897	KY3 9DF	NT 23450 85808	323450	685808	56.058972	-3.2308492
20254	3011	KY5 0JE	NT 21586 95585	321586	695585	56.14649	-3.2636483
20305	11403	KY4 9DH	NT 16040 91721	316040	691721	56.110839	-3.3516651
20358	4280	KY4 8DF	NT 14669 89196	314669	689196	56.087916	-3.3728962
20409	7466	KY15 4JN	NO 37236 15005	337236	715005	56.323257	-3.0164243
20413	7826	KY15 4JN	NO 37236 15005	337236	715005	56.323257	-3.0164243
20451	11322	KY11 4TF	NT 09770 86885	309770	686885	56.066259	-3.4508176
20466	12055	KY12 0BL	NT 10909 88665	310909	688665	56.08246	-3.4331234
20471	8725	KY11 3BA	NT 10028 86327	310028	686327	56.061296	-3.4464875
20485	8628	KY11 4JW	NT 09762 87033	309762	687033	56.067587	-3.450996
20490	10775	KY12 0AE	NT 09891 87886	309891	687886	56.075272	-3.4492123
20502	8868	KY11 4LT	NT 11869 86772	311869	686772	56.065635	-3.4170789
20606	10303	KY6 1HL	NO 25986 01055	325986	701055	56.196328	-3.1943735
20611	8324	KY7 6SX	NO 27620 02321	327620	702321	56.207951	-3.1683925
20630	6184	KY6 1HL	NO 25986 01055	325986	701055	56.196328	-3.1943735
20659	9027	KY7 4AQ	NO 28226 00385	328226	700385	56.190653	-3.1581015
20663	8759	KY7 4RH	NT 27915 99499	327915	699499	56.182647	-3.1628708
20729	4094	KY12 8SJ	NT 00673 86591	300673	686591	56.061815	-3.5967595
20752	18109	KY11 1NU	NT 13043 82740	313043	682740	56.029635	-3.3969196
20803	7306	KY4 0AE	NT 14272 94373	314272	694373	56.134344	-3.3809388
20856	4184	KY8 5JZ	NO 35176 02369	335176	702369	56.209473	-3.0466219
20907	3382	KY3 9RT	NT 26921 86887	326921	686887	56.069207	-3.1754191
20950	6244	KY1 1PH	NT 27651 91049	327651	691049	56.106704	-3.1648243
20964	7061	KY1 2NA	NT 28032 93311	328032	693311	56.127081	-3.1593109
20979	9182	KY2 5RB	NT 27127 92298	327127	692298	56.117844	-3.1735887
20983	7387	KY1 1ER	NT 27830 91567	327830	691567	56.111384	-3.1620872
20998	11064	KY1 2PG	NT 28739 92467	328739	692467	56.119606	-3.1477144
21007	7734	KY1 2NA	NT 28032 93311	328032	693311	56.127081	-3.1593109
21011	6384	KY1 2NA	NT 28032 93311	328032	693311	56.127081	-3.1593109
21101	4556	KY15 7JS	NO 30492 09649	330492	709649	56.274204	-3.1240317
21153	6483	KY6 3LQ	NO 24515 01558	324515	701558	56.200615	-3.2182169
21204	4265	KY16 0DZ	NO 42472 20771	342472	720771	56.375719	-2.9330408
21261	12603	KY8 4ET	NO 38146 00930	338146	700930	56.196942	-2.9984147
21308	2823	KY11 3ED	NT 06612 83566	306612	683566	56.035843	-3.5003628
21384	5185	KY5 9QZ	NT 18547 93681	318547	693681	56.128878	-3.3119637
21421	4712	KY5 8DA	NT 17992 96726	317992	696726	56.156133	-3.3218282
21440	2227	KY5 9QZ	NT 18547 93681	318547	693681	56.128878	-3.3119637
21454	6012	KY7 6ER	NO 29823 01645	329823	701645	56.202209	-3.1327079
21469	3409	KY5 9QZ	NT 18547 93681	318547	693681	56.128878	-3.3119637
21505	6052	KY8 3HR	NT 36164 99749	336164	699749	56.186072	-3.0300661
21524	8162	KY8 3RS	NT 37916 99918	337916	699918	56.187822	-3.0018837
21558	4037	KY14 6DA	NO 23454 18309	323454	718309	56.350906	-3.240174
21609	9434	DD6 8DJ	NO 42399 27696	342399	727696	56.437916	-2.9357483
21613	8804	KY12 9QH	NT 02563 89174	302563	689174	56.085402	-3.5673609
21736	5196	KY10 2LG	NO 54842 02626	354842	702626	56.214059	-2.7296639
21755	9531	KY11 2ZL	NT 10915 84540	310915	684540	56.045411	-3.4316529
21760	6103	KY11 2SE	NT 11771 83939	311771	683939	56.040172	-3.4177183
21825	9080	KY16 8AR	NO 50277 15304	350277	715304	56.327494	-2.8056478
21830	15371	KY16 8AR	NO 50277 15304	350277	715304	56.327494	-2.8056478
25027	10417	FK10 3JQ	NS 89195 93830	289195	693830	56.1243	-3.7840033
25031	6926	FK10 3JQ	NS 89195 93830	289195	693830	56.1243	-3.7840033
25046	13115	FK12 5BD	NS 88064 96937	288064	696937	56.151937	-3.8034929
25051	2944	G63 0TS	NS 54674 88606	254674	688606	56.068141	-4.3360094
25065	2485	G63 9EG	NS 56242 79198	256242	679198	55.984156	-4.3058028
25070	4364	EH51 0DQ	NS 99490 81076	299490	681076	56.012037	-3.613681
25084	8392	EH51 0DQ	NS 99490 81076	299490	681076	56.012037	-3.613681
25099	3609	EH51 9UE	NT 00259 80707	300259	680707	56.008884	-3.6012152
25101	6952	FK9 4EU	NS 79106 97310	279106	697310	56.153099	-3.9477747
25121	4560	FK17 8LX	NN 63775 07239	263775	707239	56.238104	-4.1994821
25135	7008	FK10 4JA	NS 91191 91887	291191	691887	56.107311	-3.7511196
25169	6302	FK7 7JD	NS 83414 91796	283414	691796	56.104658	-3.8760529
25173	5263	FK6 6DB	NS 81121 82748	281121	682748	56.022845	-3.9088763
25188	10438	FK6 6GD	NS 81182 82965	281182	682965	56.024809	-3.9079944
25192	4980	FK4 1ED	NS 82023 80663	282023	680663	56.004346	-3.893497
25205	8376	FK4 1ED	NS 82023 80663	282023	680663	56.004346	-3.893497
25210	5306	FK14 7AA	NS 96378 97881	296378	697881	56.162295	-3.6700915
25224	4267	FK16 6DU	NN 72660 01839	272660	701839	56.192084	-4.0536417
25243	10603	FK15 9AL	NN 77832 01205	277832	701205	56.187747	-3.970061
25262	7969	FK2 7AZ	NS 89342 80561	289342	680561	56.005176	-3.7761507
25277	2616	FK1 1BA	NS 88809 79745	288809	679745	55.997724	-3.7843556
25281	10766	FK2 7ES	NS 88683 80358	288683	680358	56.0032	-3.7866288
25309	5530	FK2 7HR	NS 88802 80667	288802	680667	56.006003	-3.7848496
25313	8170	FK1 4PP	NS 86946 80369	286946	680369	56.002892	-3.8144719
25332	7872	FK3 8AN	NS 92861 82063	292861	682063	56.019464	-3.7203468
25347	4606	G63 9NA	NS 52331 86189	252331	686189	56.045726	-4.3722766
25351	1525	FK21 8TQ	NN 57376 32895	257376	732895	56.466537	-4.3165614
25366	2242	FK8 3DZ	NS 65044 94630	265044	694630	56.125264	-4.1726168
25390	6289	FK5 3BB	NS 86733 82823	286733	682823	56.024879	-3.8189213
25402	5152	FK5 3BB	NS 86733 82823	286733	682823	56.024879	-3.8189213
25441	7791	FK2 0XF	NS 92677 78497	292677	678497	55.987398	-3.7218719
25455	9662	FK2 0XF	NS 92677 78497	292677	678497	55.987398	-3.7218719
25460	12069	FK2 0XF	NS 92677 78497	292677	678497	55.987398	-3.7218719
25474	2072	FK1 3EZ	NS 85431 73030	285431	673030	55.936627	-3.8356276
25506	7173	FK8 2AU	NS 79737 92158	279737	692158	56.106997	-3.9352974
25525	4127	FK8 1PH	NS 79508 94399	279508	694399	56.127062	-3.9399899
25544	8379	FK13 6AG	NS 91588 96946	291588	696946	56.152833	-3.7467986
25559	8167	FK9 4NJ	NS 80977 96870	280977	696870	56.149619	-3.9174771
25582	7673	FK8 2AU	NS 79737 92158	279737	692158	56.106997	-3.9352974
25597	3074	FK5 3BB	NS 86733 82823	286733	682823	56.024879	-3.8189213
25648	6232	FK5 4HT	NS 87211 83095	287211	683095	56.027435	-3.8113707
25652	4079	FK2 7TA	NS 88348 81773	288348	681773	56.015829	-3.7925864
25671	5907	FK5 3BB	NS 86733 82823	286733	682823	56.024879	-3.8189213
25686	3758	FK8 2QD	NS 79514 93153	279514	693153	56.115875	-3.9393302
25737	10022	FK8 2AU	NS 79737 92158	279737	692158	56.106997	-3.9352974
25883	4553	FK1 5SU	NS 88293 79865	288293	679865	55.998682	-3.7926743
25898	1555	G63 0DP	NS 47464 88738	247464	688738	56.067081	-4.451785
25968	2348	FK8 3NB	NS 57233 93884	257233	693884	56.116294	-4.2977618
25991	3237	FK7 8DW	NS 83354 87349	283354	687349	56.064711	-3.8750754
26015	23609	FK7 0HW	NS 80539 90650	280539	690650	56.093657	-3.9217353
30030	10166	AB10 7QQ	NJ 91993 03172	391993	803172	57.119416	-2.1338611
30059	8935	AB10 1YE	NJ 93170 05747	393170	805747	57.142566	-2.1144958
30078	20393	AB25 1QB	NJ 93611 06424	393611	806424	57.148654	-2.1072262
30097	8713	AB11 7XH	NJ 93586 05016	393586	805016	57.136006	-2.1076026
30203	11442	AB25 2AY	NJ 91805 06916	391805	806916	57.153045	-2.1370902
30218	9420	AB15 4ZT	NJ 92174 05747	392174	805747	57.14255	-2.1309539
30256	4979	AB21 9DG	NJ 88953 09540	388953	809540	57.176556	-2.1843478
30261	6275	AB25 2XE	NJ 91607 06886	391607	806886	57.152772	-2.1403619
30280	10025	AB21 7NQ	NJ 89446 12897	389446	812897	57.206723	-2.1763378
30307	10205	AB15 7YT	NJ 91510 04987	391510	804987	57.135711	-2.1418998
30311	6330	AB11 8ER	NJ 94822 04929	394822	804929	57.13524	-2.0871805
30401	13648	AB12 5NA	NJ 93796 03326	393796	803326	57.120827	-2.1040904
30504	18228	AB24 5RS	NJ 94251 08086	394251	808086	57.163593	-2.0966881
30627	8981	AB24 5AU	NJ 94825 07073	394825	807073	57.1545	-2.0871763
30701	12690	AB25 3TX	NJ 93571 07401	393571	807401	57.15743	-2.1079129
30909	10617	AB10 1NW	NJ 92710 05764	392710	805764	57.142712	-2.1220974
30928	11575	AB24 3NG	NJ 93927 07774	393927	807774	57.160786	-2.1020372
30951	8480	AB10 1QB	NJ 93105 05894	393105	805894	57.143886	-2.115574
31009	6905	AB15 8TB	NJ 86482 07525	386482	807525	57.158388	-2.2251062
31141	12173	AB24 2AS	NJ 92720 08731	392720	808731	57.169364	-2.1220201
31206	12424	AB22 8LD	NJ 93896 09928	393896	809928	57.180135	-2.1026034
31211	9763	AB21 9AN	NJ 89520 09733	389520	809733	57.178303	-2.1749782
31230	7973	AB15 9LQ	NJ 89124 02714	389124	802714	57.115242	-2.1812192
31244	8311	AB14 0RP	NJ 84453 00914	384453	800914	57.098937	-2.2582338
31259	5514	AB22 8ZP	NJ 91823 10209	391823	810209	57.182626	-2.1369022
31348	1748	AB15 9EP	NJ 87282 01443	387282	801443	57.103777	-2.2115691
31437	12407	AB45 1JD	NJ 68720 64493	368720	864493	57.669218	-2.5260136
31456	4766	AB45 2GB	NJ 58559 65809	358559	865809	57.680215	-2.6965579
31511	9383	AB43 9JW	NJ 99263 66960	399263	866960	57.692471	-2.0140261
31531	6471	AB43 6NE	NJ 88242 55783	388242	855783	57.591921	-2.1983403
31550	8401	AB43 9NH	NJ 98912 66329	398912	866329	57.686803	-2.0199106
31601	3455	AB43 8QJ	NK 05269 56820	405269	856820	57.601362	-1.9134992
31615	3725	AB42 0QQ	NK 04887 37222	404887	837222	57.425328	-1.9202744
31634	22546	AB42 2XA	NK 12437 45816	412437	845816	57.502381	-1.7941238
31649	8380	AB42 5GP	NJ 99507 48178	399507	848178	57.523765	-2.0098862
31719	8954	AB51 0JZ	NJ 80265 27197	380265	827197	57.33487	-2.3294536
31723	8706	AB53 4DQ	NJ 73057 49693	373057	849693	57.536565	-2.4516624
31808	5799	AB33 8FL	NJ 57626 16473	357626	816473	57.236998	-2.7036339
31812	792	AB36 8XB	NJ 37493 11893	337493	811893	57.193552	-3.0359639
31901	15765	AB41 9AH	NJ 95806 30649	395806	830649	57.366289	-2.0713706
31916	5532	AB41 7NX	NJ 89349 27357	389349	827357	57.336612	-2.1785719
32001	6544	AB52 6JJ	NJ 63244 27984	363244	827984	57.34088	-2.6122845
32021	25062	AB51 3UL	NJ 77170 20770	377170	820770	57.276993	-2.3802652
32035	6467	AB51 5NB	NJ 73215 16040	373215	816040	57.23429	-2.4453415
32092	7780	AB54 8EX	NJ 52658 39486	352658	839486	57.44321	-2.7903573
32209	15096	AB32 6FG	NJ 83483 06308	383483	806308	57.147357	-2.2746019
32290	6663	AB34 5HQ	NO 53566 98710	353566	798710	57.077053	-2.7675747
32317	1905	AB35 5NN	NO 37017 96071	337017	796071	57.051381	-3.0398477
32321	684	AB35 5WR	NO 14940 91602	314940	791602	57.007698	-3.4021464
32355	2063	AB31 4JQ	NJ 62513 01989	362513	801989	57.107324	-2.6204942
32406	13099	AB31 5XS	NO 69715 95638	369715	795638	57.050807	-2.5008348
32411	15476	AB12 4QP	NO 92489 96623	392489	796623	57.060594	-2.125471
32425	13084	AB39 2EL	NO 87212 86172	387212	786172	56.966594	-2.2119413
32500	2136	AB30 1XU	NO 72776 78862	372776	778862	56.9003	-2.4485644
32514	5793	DD10 0RU	NO 82895 72705	382895	772705	56.845476	-2.2820248
32529	6027	AB30 1GX	NO 71073 71231	371073	771231	56.831646	-2.4756504
32586	8965	AB56 1JE	NJ 42478 65069	342478	865069	57.671798	-2.9659942
32622	6452	AB56 1FP	NJ 41582 64680	341582	864680	57.668188	-2.9809184
32707	12027	IV30 6GQ	NJ 22768 61445	322768	861445	57.6363	-3.2951791
32750	4446	IV32 7EP	NJ 34837 58571	334837	858571	57.612398	-3.0923125
32764	10167	IV31 6TU	NJ 22328 70254	322328	870254	57.715329	-3.305387
32779	22437	IV30 1AT	NJ 21006 62723	321006	862723	57.647471	-3.3250992
32801	8121	IV36 1JG	NJ 03173 58176	303173	858176	57.603162	-3.6219214
32815	8170	IV36 1JG	NJ 03173 58176	303173	858176	57.603162	-3.6219214
32904	7280	AB55 5DJ	NJ 42973 50557	342973	850557	57.541527	-2.9542749
33004	3319	AB38 9PR	NJ 26671 42784	326671	842784	57.46937	-3.2241915
33057	2947	AB55 4FJ	NJ 32615 40044	332615	840044	57.445686	-3.1243602
33061	586	AB37 9AN	NJ 18548 30090	318548	830090	57.35399	-3.3553584
38012	8538	KW15 1NZ	HY 44591 10015	344591	1010015	58.973693	-2.9654273
38027	3084	KW16 3AD	HY 25507 09330	325507	1009330	58.964643	-3.2970259
38051	1544	KW17 2SN	ND 44607 93475	344607	993475	58.825178	-2.9610167
38084	273	KW17 2PU	HY 43586 27634	343586	1027634	59.131762	-2.9874338
38205	3910	KW15 1NZ	HY 44591 10015	344591	1010015	58.973693	-2.9654273
38210	2852	KW17 2HH	HY 29510 20667	329510	1020667	59.067108	-3.231072
39015	989	ZE2 9BX	HU 51087 91204	451087	1191204	60.601003	-1.0689644
39020	1044	ZE2 9AE	HU 54373 63495	454373	1163495	60.351828	-1.0165256
39034	823	ZE2 9RW	HU 28562 77304	428562	1177304	60.478441	-1.4822487
39049	2571	ZE2 9QJ	HU 36046 67313	436046	1167313	60.388146	-1.3479133
39068	1907	ZE2 9NA	HU 33078 52292	433078	1152292	60.253539	-1.4042126
39072	2735	ZE2 9HX	HU 40771 21002	440771	1121002	59.971917	-1.2714695
39087	3693	ZE1 0TN	HU 40460 39708	440460	1139708	60.139894	-1.273359
39091	8639	ZE1 0RB	HU 47171 41055	447171	1141055	60.15127	-1.1522368
39161	603	ZE2 9DY	HP 61081 08926	461081	1208926	60.758688	-0.8809983
40008	6120	G13 1JE	NS 54590 69335	254590	669335	55.895115	-4.3269398
40012	9036	G12 8ED	NS 56926 67321	256926	667321	55.877734	-4.288552
40027	7678	G61 3RD	NS 54204 72263	254204	672263	55.921284	-4.3346866
40031	4499	G3 7UA	NS 56841 66101	256841	666101	55.866756	-4.2892646
40046	9131	G81 1BS	NS 50130 69783	250130	669783	55.897768	-4.3984423
40051	8744	G13 2UP	NS 54262 68923	254262	668923	55.891317	-4.3319583
40065	5346	G60 5JG	NS 46428 72911	246428	672911	55.92468	-4.4593655
40070	3988	G11 5PE	NS 55886 66615	255886	666615	55.871085	-4.3047852
40084	2428	G14 0EA	NS 52344 68329	252344	668329	55.8854	-4.3622743
40101	7445	G61 2DN	NS 54970 71710	254970	671710	55.916551	-4.322143
40121	6839	G11 7AD	NS 54718 66810	254718	666810	55.872485	-4.3235394
40140	12937	G12 9LD	NS 56152 67490	256152	667490	55.87902	-4.3010027
40154	7918	G4 9BL	NS 57981 66562	257981	666562	55.871232	-4.2713052
40173	7689	G62 6BT	NS 55291 74269	255291	674269	55.939621	-4.3183835
40188	2706	G12 9PN	NS 55798 67351	255798	667351	55.877667	-4.3065822
40192	2933	G11 5NG	NS 55840 66637	255840	666637	55.871269	-4.3055314
40210	1435	G14 9UU	NS 53712 67080	253712	667080	55.874605	-4.3397486
40224	8878	G81 1BS	NS 50130 69783	250130	669783	55.897768	-4.3984423
40262	6185	G81 1BS	NS 50130 69783	250130	669783	55.897768	-4.3984423
40277	4291	G11 7SY	NS 55268 66640	255268	666640	55.871125	-4.3146663
40281	1997	G15 6EG	NS 52874 70614	252874	670614	55.906075	-4.3550518
40296	2063	G11 5LL	NS 55572 66612	255572	666612	55.870964	-4.3097973
40328	4589	G3 7UA	NS 56841 66101	256841	666101	55.866756	-4.2892646
40332	5413	G13 2SW	NS 53860 69284	253860	669284	55.894436	-4.3385754
40351	5072	G12 9JE	NS 55864 67454	255864	667454	55.878611	-4.305583
40385	7633	G62 8BT	NS 55484 74551	255484	674551	55.94221	-4.3154476
40390	2368	G13 4PU	NS 51886 69649	251886	669649	55.897109	-4.3703124
40417	2216	G14 9UT	NS 53742 67062	253742	667062	55.874452	-4.3392599
40421	2576	G15 7TS	NS 51890 71060	251890	671060	55.909777	-4.3710215
40436	5142	G15 7TS	NS 51890 71060	251890	671060	55.909777	-4.3710215
40455	6820	G3 8ND	NS 57173 65819	257173	665819	55.864322	-4.2838154
40460	2103	G12 8ND	NS 57214 66892	257214	666892	55.873968	-4.2837263
40493	2381	G14 0XT	NS 52422 68421	252422	668421	55.88625	-4.3610786
40525	4641	G14 0NT	NS 51162 68788	251162	668788	55.889156	-4.3814061
40544	3050	G15 7TS	NS 51890 71060	251890	671060	55.909777	-4.3710215
40559	2700	G15 7TS	NS 51890 71060	251890	671060	55.909777	-4.3710215
40563	2082	G14 9XL	NS 53174 67472	253174	667472	55.87796	-4.3485521
40578	3767	G14 9DR	NS 53183 67523	253183	667523	55.878421	-4.3484361
40582	6050	G81 1BS	NS 50130 69783	250130	669783	55.897768	-4.3984423
40629	5332	G14 9PS	NS 53649 67162	253649	667162	55.875322	-4.340799
40691	6912	G81 1BS	NS 50130 69783	250130	669783	55.897768	-4.3984423
40703	2990	G81 1BS	NS 50130 69783	250130	669783	55.897768	-4.3984423
40718	8035	G12 8SP	NS 56590 66933	256590	666933	55.87415	-4.2937125
40722	4307	G15 7TS	NS 51890 71060	251890	671060	55.909777	-4.3710215
40737	6546	G14 9SS	NS 52652 68119	252652	668119	55.883609	-4.3572404
40741	9268	G61 2SY	NS 54380 71903	254380	671903	55.918105	-4.3316786
43011	5751	G20 8FB	NS 56708 68685	256708	668685	55.889914	-4.2927556
43030	10376	G66 1DH	NS 65113 73910	265113	673910	55.939255	-4.1610831
43044	6391	G66 1JB	NS 65463 73912	265463	673912	55.939371	-4.1554851
43059	9329	G64 1PJ	NS 61238 70128	261238	670128	55.904197	-4.2211254
43063	2752	G21 1TR	NS 60671 67749	260671	667749	55.882674	-4.2289616
43082	2333	G20 7ER	NS 58008 67509	258008	667509	55.879742	-4.2713706
43097	2945	G21 1TR	NS 60671 67749	260671	667749	55.882674	-4.2289616
43100	7217	G66 1NH	NS 65338 73568	265338	673568	55.936247	-4.157313
43114	10430	G66 1DN	NS 65188 73902	265188	673902	55.939204	-4.1598793
43129	3493	G21 1TR	NS 60671 67749	260671	667749	55.882674	-4.2289616
43133	5638	G21 4AH	NS 60743 67037	260743	667037	55.876303	-4.2274453
43167	5493	G20 7ER	NS 58008 67509	258008	667509	55.879742	-4.2713706
43171	7924	G64 1PJ	NS 61238 70128	261238	670128	55.904197	-4.2211254
43186	6624	G20 7ER	NS 58008 67509	258008	667509	55.879742	-4.2713706
43191	3314	G20 7ER	NS 58008 67509	258008	667509	55.879742	-4.2713706
43203	4148	G20 6HS	NS 57965 67070	257965	667070	55.875788	-4.2718271
43218	5965	G20 7ER	NS 58008 67509	258008	667509	55.879742	-4.2713706
43222	7158	G64 1NF	NS 61535 69428	261535	669428	55.897998	-4.2160202
43237	4092	G22 5AP	NS 59099 67628	259099	667628	55.88113	-4.2540077
43256	3418	G22 5AP	NS 59099 67628	259099	667628	55.88113	-4.2540077
43261	3361	G66 7JJ	NS 62684 77912	262684	677912	55.974497	-4.2019787
43275	3482	G21 3RW	NS 62428 68764	262428	668764	55.892292	-4.2014128
43294	3565	G22 5SS	NS 59275 68103	259275	668103	55.885446	-4.2514436
43307	3045	G22 7JL	NS 59713 69570	259713	669570	55.898745	-4.2452078
43311	5630	G20 8FB	NS 56708 68685	256708	668685	55.889914	-4.2927556
43326	5146	G22 6BD	NS 60323 68228	260323	668228	55.886874	-4.2347674
43453	6990	G20 7ER	NS 58008 67509	258008	667509	55.879742	-4.2713706
43468	1945	G20 7ER	NS 58008 67509	258008	667509	55.879742	-4.2713706
43504	7337	G21 1TR	NS 60671 67749	260671	667749	55.882674	-4.2289616
43538	2259	G22 5AP	NS 59099 67628	259099	667628	55.88113	-4.2540077
43542	2574	G22 5AP	NS 59099 67628	259099	667628	55.88113	-4.2540077
43557	1705	G64 2AA	NS 60832 70055	260832	670055	55.903424	-4.2275764
43576	55163	G20 8FB	NS 56708 68685	256708	668685	55.889914	-4.2927556
43581	6786	G66 3BF	NS 65667 73370	265667	673370	55.934562	-4.1519518
46019	14644	G31 2ES	NS 60403 65816	260403	665816	55.865242	-4.232246
46023	2509	G40 2DA	NS 60626 64415	260626	664415	55.852728	-4.2279652
46057	6965	G33 1EY	NS 62814 67238	262814	667238	55.878702	-4.194472
46061	17815	G31 2ES	NS 60403 65816	260403	665816	55.865242	-4.232246
46081	9586	G32 7JZ	NS 64261 64264	264261	664264	55.85241	-4.1698707
46095	3037	G31 5BA	NS 62712 64315	262712	664315	55.852429	-4.19462
46112	5153	G33 3TU	NS 64826 66815	264826	666815	55.875473	-4.1621252
46127	1986	G31 2XE	NS 61059 65071	261059	665071	55.858743	-4.2213904
46131	4251	G31 4UW	NS 62968 63932	262968	663932	55.849063	-4.1903405
46146	4358	G32 6JP	NS 62748 65076	262748	665076	55.859272	-4.1944307
46151	2420	G40 3LJ	NS 62011 63639	262011	663639	55.84616	-4.2054647
46165	3698	G32 7JZ	NS 64261 64264	264261	664264	55.85241	-4.1698707
46184	7688	G40 1HA	NS 60652 63900	260652	663900	55.848112	-4.2272857
46201	3198	G32 6NB	NS 64488 65282	264488	665282	55.861614	-4.1667564
46216	13317	G69 7AD	NS 67590 63769	267590	663769	55.848891	-4.1164928
46221	5253	G34 9HQ	NS 67066 66014	267066	666014	55.868904	-4.125957
46235	4918	G31 5BA	NS 62712 64315	262712	664315	55.852429	-4.19462
46240	1928	G34 9HQ	NS 67066 66014	267066	666014	55.868904	-4.125957
46292	3409	G32 6NB	NS 64488 65282	264488	665282	55.861614	-4.1667564
46305	7899	G69 7AD	NS 67590 63769	267590	663769	55.848891	-4.1164928
46339	3851	G31 5RA	NS 62915 64022	262915	664022	55.849856	-4.1912319
46343	7973	G32 8UH	NS 64123 63285	264123	663285	55.843581	-4.171583
46381	2337	G40 2DA	NS 60626 64415	260626	664415	55.852728	-4.2279652
46396	1429	G40 2DA	NS 60626 64415	260626	664415	55.852728	-4.2279652
46428	4525	G40 2DA	NS 60626 64415	260626	664415	55.852728	-4.2279652
46447	1541	G40 2DA	NS 60626 64415	260626	664415	55.852728	-4.2279652
46451	9727	G34 9HQ	NS 67066 66014	267066	666014	55.868904	-4.125957
46471	2719	G34 9HQ	NS 67066 66014	267066	666014	55.868904	-4.125957
46521	6333	G33 3AL	NS 63615 65495	263615	665495	55.86328	-4.1808009
46555	3281	G40 2DA	NS 60626 64415	260626	664415	55.852728	-4.2279652
46560	4719	G31 1QS	NS 61346 64887	261346	664887	55.857174	-4.2167149
46574	1196	G40 2DA	NS 60626 64415	260626	664415	55.852728	-4.2279652
46606	3186	G40 2DA	NS 60626 64415	260626	664415	55.852728	-4.2279652
46611	2036	G40 2DA	NS 60626 64415	260626	664415	55.852728	-4.2279652
46625	8083	G31 3BP	NS 61487 65550	261487	665550	55.863167	-4.2148029
49041	12107	G42 7DR	NS 58701 62752	258701	662752	55.837238	-4.2578229
49074	3443	G5 9AB	NS 59057 63973	259057	663973	55.848304	-4.2527775
49093	2465	G5 9RP	NS 58419 63449	258419	663449	55.843413	-4.2626855
49106	7134	G44 5JT	NS 59590 59665	259590	659665	55.809782	-4.2420443
49130	4160	G42 9JT	NS 58203 61525	258203	661525	55.826076	-4.2651272
49144	9727	G41 5RU	NS 57587 63035	257587	663035	55.839451	-4.275744
49159	7162	G76 7HN	NS 56999 57911	256999	657911	55.793274	-4.2824295
49178	5598	G42 7DR	NS 58701 62752	258701	662752	55.837238	-4.2578229
49197	2476	G76 7BU	NS 57460 57017	257460	657017	55.785384	-4.2746151
49200	4891	G41 3YT	NS 57032 61739	257032	661739	55.827651	-4.2839164
49214	8019	G76 7HN	NS 56999 57911	256999	657911	55.793274	-4.2824295
49248	5555	G44 3DH	NS 58074 60255	258074	660255	55.814636	-4.2665214
49267	5116	G42 7AF	NS 58601 63102	258601	663102	55.840351	-4.2596006
49271	5970	G41 3RG	NS 56704 61818	256704	661818	55.828263	-4.2891895
49286	2974	G42 8QD	NS 57864 62603	257864	662603	55.835654	-4.2710983
49318	2294	G41 3YA	NS 57311 62021	257311	662021	55.830266	-4.2796145
49337	13943	G77 5BQ	NS 53919 55678	253919	655678	55.772306	-4.3303127
49375	2066	G42 0EH	NS 60148 61705	260148	661705	55.828259	-4.2341979
49411	1698	G44 4JE	NS 59964 60692	259964	660692	55.819111	-4.2366107
49445	4703	G76 7HN	NS 56999 57911	256999	657911	55.793274	-4.2824295
49464	3009	G77 5LU	NS 54967 55944	254967	655944	55.77501	-4.3137629
49553	5700	G41 3PT	NS 56840 61567	256840	661567	55.82605	-4.2868881
49568	4816	G77 6GR	NS 52910 56884	252910	656884	55.782827	-4.3470335
49604	6087	G5 9AB	NS 59057 63973	259057	663973	55.848304	-4.2527775
49619	2787	G76 7HN	NS 56999 57911	256999	657911	55.793274	-4.2824295
49623	7876	G76 7BX	NS 57421 57257	257421	657257	55.787528	-4.2753621
49638	8868	G76 7HN	NS 56999 57911	256999	657911	55.793274	-4.2824295
49676	3207	G41 1NX	NS 57684 63690	257684	663690	55.84536	-4.2745399
49681	10000	G42 9LQ	NS 58482 61805	258482	661805	55.828671	-4.2608233
49712	1769	G41 3YA	NS 57311 62021	257311	662021	55.830266	-4.2796145
49751	10274	G45 9AW	NS 60019 59203	260019	659203	55.805759	-4.2349669
49765	10351	G44 5JT	NS 59590 59665	259590	659665	55.809782	-4.2420443
49770	4992	G44 4JE	NS 59964 60692	259964	660692	55.819111	-4.2366107
49784	9562	G76 7NW	NS 56672 58016	256672	658016	55.79412	-4.2876958
49801	3954	G41 1NX	NS 57684 63690	257684	663690	55.84536	-4.2745399
52005	8624	G51 1SL	NS 56156 64480	256156	664480	55.851999	-4.2993409
52010	1813	G44 5DQ	NS 59296 59759	259296	659759	55.81054	-4.2467801
52024	4076	G52 2AZ	NS 52529 64465	252529	664465	55.850768	-4.3572162
52039	5655	G42 7DR	NS 58701 62752	258701	662752	55.837238	-4.2578229
52043	5877	G53 5QD	NS 53488 62369	253488	662369	55.832244	-4.3407803
52058	5795	G51 1AT	NS 56401 64494	256401	664494	55.852198	-4.2954382
52062	5334	G51 4BJ	NS 54498 65483	254498	665483	55.860506	-4.3263397
52096	4842	G51 4BJ	NS 54498 65483	254498	665483	55.860506	-4.3263397
52109	2849	G51 1RN	NS 55799 64359	255799	664359	55.850806	-4.3049742
52128	10428	G41 1HU	NS 57423 64589	257423	664589	55.853354	-4.2791772
52147	1356	G46 8DH	NS 54019 59501	254019	659501	55.806658	-4.3307697
52151	4607	G41 3UJ	NS 56915 62198	256915	662198	55.831737	-4.2860243
52185	3673	G52 3SS	NS 53442 63842	253442	663842	55.845454	-4.3423094
52202	3874	G51 1HS	NS 57406 64683	257406	664683	55.854193	-4.279498
52217	2018	G41 1HU	NS 57423 64589	257423	664589	55.853354	-4.2791772
52221	5998	G46 8NY	NS 54799 59523	254799	659523	55.80709	-4.3183476
52241	7080	G52 3QN	NS 53836 63916	253836	663916	55.846238	-4.3360624
52255	8123	G46 8NY	NS 54799 59523	254799	659523	55.80709	-4.3183476
52260	1558	G41 1HU	NS 57423 64589	257423	664589	55.853354	-4.2791772
52293	5439	G53 6EQ	NS 53107 61327	253107	661327	55.822774	-4.3462942
52330	3985	G51 4BJ	NS 54498 65483	254498	665483	55.860506	-4.3263397
52344	6661	G53 7FY	NS 52299 62099	252299	662099	55.829458	-4.359599
52359	8686	G51 4BJ	NS 54498 65483	254498	665483	55.860506	-4.3263397
52400	5930	G53 6EQ	NS 53107 61327	253107	661327	55.822774	-4.3462942
52414	5083	G52 3SS	NS 53442 63842	253442	663842	55.845454	-4.3423094
52429	9345	G43 1RR	NS 56242 61640	256242	661640	55.826528	-4.2964642
55003	5992	KW14 7DH	ND 11398 68060	311398	968060	58.591452	-3.5259177
55041	15501	IV12 5EE	NH 88120 55780	288120	855780	57.578169	-3.8725624
55075	655	KW6 6EZ	ND 15611 29557	315611	929557	58.246599	-3.4392945
55080	2900	KW14 8TY	ND 19318 67895	319318	967895	58.591516	-3.3896611
55131	7326	KW1 5EL	ND 36562 50850	336562	950850	58.441325	-3.0883375
55145	2327	KW1 5EL	ND 36562 50850	336562	950850	58.441325	-3.0883375
55183	899	KW14 7SA	NC 78729 64456	278729	964456	58.55121	-4.0856197
55201	2697	IV25 3LS	NH 79825 89454	279825	889454	57.878316	-4.0280296
55220	2006	KW10 6TH	NC 83150 00069	283150	900069	57.974485	-3.9772363
55249	1171	IV27 4DD	NC 58512 06339	258512	906339	58.023597	-4.3971644
55253	943	IV27 4JZ	NC 09497 22922	209497	922922	58.153985	-5.2391632
55272	526	IV27 4XB	NC 59128 56914	259128	956914	58.477629	-4.4174578
55287	2524	KW9 6QJ	NC 90623 04082	290623	904082	58.012411	-3.8528305
55291	1651	IV24 3EP	NH 61163 91345	261163	891345	57.889873	-4.343526
55304	888	IV27 4RP	NC 22538 56222	222538	956222	58.458077	-5.043472
55319	6499	KW14 7AR	ND 11611 68130	311611	968130	58.592124	-3.5222823
55338	13200	IV17 0UN	NH 66091 69471	266091	869471	57.695057	-4.2482304
55342	269	IV54 8LS	NG 70733 43825	170733	843825	57.426735	-5.8206072
55357	2368	IV22 2HU	NG 87823 88629	187823	888629	57.836704	-5.5758949
55376	11492	IV15 9QS	NH 55572 58560	255572	858560	57.593883	-4.4180084
55381	4963	IV10 8SY	NH 72636 56644	272636	856644	57.581823	-4.1317538
55395	959	IV54 8YD	NG 89965 39672	189965	839672	57.398797	-5.4974121
55408	3420	IV8 8NG	NH 64797 53397	264797	853397	57.550401	-4.2609355
55412	3840	IV14 9AG	NH 48018 57936	248018	857936	57.585803	-4.5438605
55427	3012	IV19 1EU	NH 77535 81856	277535	881856	57.809492	-4.0627104
55431	5775	IV19 1EU	NH 77535 81856	277535	881856	57.809492	-4.0627104
55446	468	IV22 2EZ	NG 89880 56185	189880	856185	57.546808	-5.5130203
55451	2581	IV26 2XL	NH 12993 94651	212993	894651	57.901944	-5.1574107
55521	644	IV47 8ST	NG 38693 31189	138693	831189	57.296273	-6.3392573
55535	1824	IV55 8GU	NG 25990 46810	125990	846810	57.428707	-6.5667595
55554	254	IV40 8JD	NG 81529 19458	181529	819458	57.21361	-5.6196329
55569	2759	IV40 8AE	NG 76159 27246	176159	827246	57.28083	-5.7153802
55573	5464	IV51 9BZ	NG 48325 43434	148325	843434	57.411381	-6.192373
55605	3757	PH33 7AQ	NN 12295 76215	212295	776215	56.839359	-5.0787814
55610	5584	PH33 7AQ	NN 12295 76215	212295	776215	56.839359	-5.0787814
55624	5151	PH33 7AQ	NN 12295 76215	212295	776215	56.839359	-5.0787814
55639	922	PH50 4QU	NN 18702 62227	218702	762227	56.71641	-4.9639917
55643	346	PA80 5XT	NM 67738 44912	167738	744912	56.538635	-5.7793314
55662	1389	PH36 4JU	NM 67567 68274	167567	768274	56.747969	-5.803153
55677	199	PH42 4RL	NM 47855 86594	147855	786594	56.90188	-6.1427488
55696	3302	IV4 7EA	NH 52678 46271	252678	846271	57.482664	-4.4589334
55709	6175	IV4 7DJ	NH 52488 46481	252488	846481	57.484487	-4.4622261
55728	2386	IV63 6UL	NH 51084 29119	251084	829119	57.328218	-4.4750838
55732	1544	PH32 4DR	NH 37535 08704	237535	808704	57.140409	-4.6864928
55747	1004	IV2 6YB	NH 49611 20904	249611	820904	57.254011	-4.4945266
55751	6093	IV2 7LL	NH 71668 46157	271668	846157	57.487416	-4.1423981
55766	6871	IV2 7LL	NH 71668 46157	271668	846157	57.487416	-4.1423981
55817	9605	IV2 3BG	NH 67102 44849	267102	844849	57.47436	-4.217789
55836	6509	IV3 8HH	NH 65948 45713	265948	845713	57.481775	-4.2374901
55841	10246	IV3 5PW	NH 66270 44413	266270	844413	57.470202	-4.2314123
55860	3809	IV3 8PB	NH 64819 44816	264819	844816	57.473389	-4.2558074
55874	4774	IV2 4XA	NH 66986 44553	266986	844553	57.471669	-4.2195605
55889	6903	IV2 3PF	NH 67999 43735	267999	843735	57.464623	-4.2022419
55893	6101	IV2 3NF	NH 67045 45303	267045	845303	57.478418	-4.2189858
55911	5347	PH22 1SY	NH 89664 13384	289664	813384	57.197916	-3.8277101
55925	5408	PH26 3HR	NJ 03534 28518	303534	828518	57.336941	-3.6041686
55930	2988	PH21 1ET	NH 75620 00772	275620	800772	57.081098	-4.0536955
55944	463	PH20 1AH	NN 61250 94469	261250	794469	57.020415	-4.2870904
56006	9673	IV2 4AG	NH 66769 44610	266769	844610	57.472117	-4.2232068
56011	2535	IV2 4TP	NH 67501 43783	267501	843783	57.464908	-4.210563
56025	1597	PH49 4JB	NN 08290 58281	208290	758281	56.676855	-5.1308989
56030	1792	PH41 4RN	NM 67468 96842	167468	796842	57.003987	-5.8309065
56523	2910	IV49 9AA	NG 64145 24085	164145	824085	57.246461	-5.9111801
56538	1087	IV11 8YF	NH 78642 67552	278642	867552	57.681395	-4.0368575
60054	14405	G69 9DW	NS 68312 69811	268312	669811	55.903339	-4.1079081
60073	3890	G33 6HA	NS 65957 68535	265957	668535	55.891232	-4.144914
60088	3491	G33 6EY	NS 65954 68578	265954	668578	55.891617	-4.1449833
60092	12940	G73 2PQ	NS 61627 61120	261627	661120	55.823433	-4.2103087
60105	4983	G73 2PQ	NS 61627 61120	261627	661120	55.823433	-4.2103087
60110	4749	G73 2PQ	NS 61627 61120	261627	661120	55.823433	-4.2103087
60124	2745	G72 8HA	NS 63643 60656	263643	660656	55.819841	-4.1779223
60139	4511	G73 2PQ	NS 61627 61120	261627	661120	55.823433	-4.2103087
60143	11666	G72 8AT	NS 63897 60581	263897	660581	55.81924	-4.173834
60158	1541	G73 2LD	NS 61187 61416	261187	661416	55.825965	-4.2174774
60162	1643	G72 7EX	NS 64383 60598	264383	660598	55.819529	-4.166092
60177	9237	G72 8RW	NS 65578 59694	265578	659694	55.811747	-4.1465872
60181	3897	G73 2PQ	NS 61627 61120	261627	661120	55.823433	-4.2103087
60196	2042	G73 2PQ	NS 61627 61120	261627	661120	55.823433	-4.2103087
60209	4121	G72 8HA	NS 63643 60656	263643	660656	55.819841	-4.1779223
60213	11113	ML1 1TA	NS 75643 56501	275643	656501	55.785772	-3.9846298
60228	3681	ML5 2RY	NS 71459 68943	271459	668943	55.896396	-4.0571964
61061	9715	ML6 6DB	NS 76294 65394	276294	665394	55.865795	-3.978306
61131	5032	ML6 6DB	NS 76294 65394	276294	665394	55.865795	-3.978306
61151	4030	ML6 6DB	NS 76294 65394	276294	665394	55.865795	-3.978306
61170	1737	ML6 6DB	NS 76294 65394	276294	665394	55.865795	-3.978306
61216	2137	ML5 4BY	NS 73039 64167	273039	664167	55.853931	-4.0297076
61240	6795	ML5 3AP	NS 73290 64804	273290	664804	55.859717	-4.0259986
61305	5657	G67 2ES	NS 77031 75117	277031	675117	55.953291	-3.9709627
61324	5289	G67 4DN	NS 73483 72945	273483	672945	55.932867	-4.0267263
61339	10871	G67 1BJ	NS 75995 74377	275995	674377	55.94638	-3.9872028
61343	12079	G67 1BJ	NS 75995 74377	275995	674377	55.94638	-3.9872028
61358	12976	G67 1BP	NS 75357 73740	275357	673740	55.940495	-3.9971173
61377	4603	G67 3BE	NS 78255 75826	278255	675826	55.95997	-3.9516932
61381	3031	G67 3BE	NS 78255 75826	278255	675826	55.95997	-3.9516932
61447	21008	ML5 3AP	NS 73290 64804	273290	664804	55.859717	-4.0259986
61451	7759	ML5 3AP	NS 73290 64804	273290	664804	55.859717	-4.0259986
61466	6527	ML5 3BJ	NS 73404 65029	273404	665029	55.861767	-4.0242836
61485	6144	ML5 3BJ	NS 73404 65029	273404	665029	55.861767	-4.0242836
61502	14120	G65 9JE	NS 71472 78043	271472	678043	55.978108	-4.0613252
61625	20832	ML6 6DB	NS 76294 65394	276294	665394	55.865795	-3.978306
61644	8119	G74 3BE	NS 64994 55215	264994	655215	55.771368	-4.1536775
61659	6662	ML6 6DB	NS 76294 65394	276294	665394	55.865795	-3.978306
62011	6102	ML4 1DQ	NS 74218 60264	274218	660264	55.819193	-4.0090781
62031	8637	ML4 1QD	NS 74125 60221	274125	660221	55.818783	-4.0105414
62045	2542	ML1 4LT	NS 76186 59780	276186	659780	55.815356	-3.977469
62050	8043	ML4 1PS	NS 74016 60237	274016	660237	55.818898	-4.0122873
62115	3188	ML1 5AG	NS 77831 59056	277831	659056	55.809274	-3.950909
62120	3202	ML1 4TH	NS 76371 60498	276371	660498	55.821851	-3.9748453
62219	6712	ML8 4BA	NS 84767 50614	284767	650614	55.735167	-3.8367335
62223	11430	ML8 4BA	NS 84767 50614	284767	650614	55.735167	-3.8367335
62312	7713	ML12 6BE	NT 04401 37604	304401	637604	55.622588	-3.519646
62346	2925	ML11 8AJ	NS 94327 53701	294327	653701	55.765073	-3.6857566
62510	5384	ML11 0PX	NS 83572 30656	283572	630656	55.555648	-3.8472943
62596	7446	ML6 8SR	NS 78110 63074	278110	663074	55.845425	-3.9482635
62609	13070	ML1 3JX	NS 74873 57169	274873	657169	55.791572	-3.9972073
62628	3831	ML11 9SB	NS 79328 43457	279328	643457	55.669571	-3.9201448
62632	6368	ML11 0DB	NS 81344 40195	281344	640195	55.640775	-3.8867019
62666	3650	ML2 7LP	NS 79593 55162	279593	655162	55.774749	-3.9210896
62671	8594	ML2 7LP	NS 79593 55162	279593	655162	55.774749	-3.9210896
62690	2629	ML1 1TB	NS 75664 56426	275664	656426	55.785104	-3.9842609
62702	3366	ML1 1TB	NS 75664 56426	275664	656426	55.785104	-3.9842609
62717	9974	ML1 2PJ	NS 75875 56096	275875	656096	55.782195	-3.9807481
62736	4347	ML1 1TB	NS 75664 56426	275664	656426	55.785104	-3.9842609
62844	3633	ML7 5QE	NS 90426 64304	290426	664304	55.859428	-3.7521723
62897	1962	ML7 5DS	NS 87965 59745	287965	659745	55.81792	-3.7895866
62914	4324	ML2 7LP	NS 79593 55162	279593	655162	55.774749	-3.9210896
62933	9780	ML2 7LP	NS 79593 55162	279593	655162	55.774749	-3.9210896
62967	5709	ML2 7LP	NS 79593 55162	279593	655162	55.774749	-3.9210896
62986	9148	ML7 4DS	NS 86677 60357	286677	660357	55.823115	-3.8103862
62991	2800	ML7 4AR	NS 86927 60027	286927	660027	55.82021	-3.8062607
63033	7071	G72 0BS	NS 68884 57223	268884	657223	55.790469	-4.0926813
63052	5399	G72 0BS	NS 68884 57223	268884	657223	55.790469	-4.0926813
63118	10634	G71 8ET	NS 70252 58783	270252	658783	55.804845	-4.0716236
63231	9025	G74 1AD	NS 63547 54272	263547	654272	55.762495	-4.1762534
63245	7424	G74 1AD	NS 63547 54272	263547	654272	55.762495	-4.1762534
63250	7690	G74 1AD	NS 63547 54272	263547	654272	55.762495	-4.1762534
63264	7680	G74 1AD	NS 63547 54272	263547	654272	55.762495	-4.1762534
63283	4160	G74 1AD	NS 63547 54272	263547	654272	55.762495	-4.1762534
63298	5936	G74 1AD	NS 63547 54272	263547	654272	55.762495	-4.1762534
63301	11347	G75 0RT	NS 62938 53205	262938	653205	55.752743	-4.1854152
63334	5374	G72 0BS	NS 68884 57223	268884	657223	55.790469	-4.0926813
63419	8091	ML3 0NQ	NS 70378 56172	270378	656172	55.781435	-4.0683714
63423	6753	ML3 7JY	NS 72265 54728	272265	654728	55.768971	-4.0376281
63438	11739	ML3 9TZ	NS 70026 55051	270026	655051	55.771275	-4.0734451
63442	6969	ML3 7EN	NS 72656 55185	272656	655185	55.773178	-4.0316136
63457	7670	ML3 0DR	NS 71412 55845	271412	655845	55.778775	-4.051742
63461	6693	ML3 9AQ	NS 71049 55868	271049	655868	55.778885	-4.0575363
63476	5138	ML3 7QQ	NS 71858 53994	271858	653994	55.762272	-4.043766
63481	7643	ML3 8AA	NS 71584 53890	271584	653890	55.761266	-4.0480806
63508	5846	G74 3BE	NS 64994 55215	264994	655215	55.771368	-4.1536775
63512	1677	ML9 1EX	NS 76229 51031	276229	651031	55.736804	-3.9728088
63527	9759	ML9 1RJ	NS 75839 50865	275839	650865	55.735213	-3.9789405
63546	8379	ML1 5JU	NS 78271 59521	278271	659521	55.813561	-3.944101
63616	13259	ML9 2BJ	NS 76245 51360	276245	651360	55.739762	-3.9727032
63724	18462	ML10 6AS	NS 70320 44670	270320	644670	55.67814	-4.0638372
63739	7908	ML10 6AS	NS 70320 44670	270320	644670	55.67814	-4.0638372
63813	8731	G71 7NE	NS 69978 60287	269978	660287	55.818276	-4.0767112
63828	8225	G71 5SU	NS 71312 61463	271312	661463	55.829193	-4.0559933
63832	2943	G71 5RR	NS 71172 61453	271172	661453	55.829066	-4.0582219
63890	4421	ML2 9AX	NS 82274 56028	282274	656028	55.783186	-3.8787496
63902	2081	ML2 7LP	NS 79593 55162	279593	655162	55.774749	-3.9210896
63917	6074	ML11 8HJ	NS 97905 46179	297905	646179	55.698284	-3.6259462
63921	12296	ML11 7DH	NS 88656 43736	288656	643736	55.674307	-3.7720338
70075	9858	EH10 6QT	NT 24448 68823	324448	668823	55.906559	-3.2100519
70094	10123	EH3 6EH	NT 24635 74424	324635	674424	55.956901	-3.2086272
70107	6652	EH3 9QQ	NT 24745 72986	324745	672986	55.944001	-3.2064641
70126	4529	EH15 3LL	NT 30330 72489	330330	672489	55.94038	-3.1169355
70131	11877	EH13 0LB	NT 21785 69131	321785	669131	55.9089	-3.2527254
70164	6920	EH17 7AB	NT 29210 68825	329210	668825	55.907302	-3.1339002
70179	10361	EH6 8HQ	NT 27010 75868	327010	675868	55.97024	-3.1709899
70198	4233	EH16 4DT	NT 29123 71649	329123	671649	55.932658	-3.1360334
70215	11110	EH16 4DT	NT 29123 71649	329123	671649	55.932658	-3.1360334
70220	10868	EH12 7TB	NT 19484 72666	319484	672666	55.940273	-3.2905776
70234	8051	EH5 3EL	NT 25119 76565	325119	676565	55.976209	-3.2014734
70253	10968	EH11 3RA	NT 20671 71264	320671	671264	55.927878	-3.2711674
70268	9487	EH7 5EG	NT 26782 74493	326782	674493	55.957854	-3.1742678
70272	10409	EH5 3AH	NT 25121 76176	325121	676176	55.972715	-3.201333
70291	5825	EH16 5QU	NT 27628 70399	327628	670399	55.921206	-3.1596214
70319	11256	EH3 7EB	NT 24160 73597	324160	673597	55.949398	-3.216
70323	12150	EH10 4EY	NT 24690 72062	324690	672062	55.935693	-3.2070862
70361	10907	EH12 7UN	NT 19639 72718	319639	672718	55.940767	-3.2881124
70376	7929	EH16 6JT	NT 27402 69148	327402	669148	55.909934	-3.1629004
70381	8407	EH8 9DX	NT 26143 73116	326143	673116	55.945386	-3.1841221
70408	9350	EH3 6EH	NT 24635 74424	324635	674424	55.956901	-3.2086272
70412	7827	EH9 1AG	NT 25548 71981	325548	671981	55.935099	-3.1933329
70427	7572	EH15 3LL	NT 30330 72489	330330	672489	55.94038	-3.1169355
70451	5465	EH3 9HW	NT 25092 72824	325092	672824	55.9426	-3.2008647
70470	3885	EH16 5HQ	NT 27144 71922	327144	671922	55.934814	-3.1677758
70499	7840	EH7 4AT	NT 26187 74834	326187	674834	55.960826	-3.1838888
70501	7354	EH12 5QX	NT 22276 72978	322276	672978	55.943536	-3.2459819
70516	8654	EH16 6RN	NT 27771 68463	327771	668463	55.903836	-3.1568157
70521	7442	EH7 4AT	NT 26187 74834	326187	674834	55.960826	-3.1838888
70535	6667	EH4 3TH	NT 21652 74812	321652	674812	55.959909	-3.2565034
70569	6146	EH7 6UJ	NT 27891 75228	327891	675228	55.964624	-3.1567066
70573	10011	EH5 2LY	NT 22824 76495	322824	676495	55.975216	-3.2382189
70588	7810	EH17 7PR	NT 28110 69872	328110	669872	55.916544	-3.1517702
70592	24465	EH8 9AL	NT 25904 73206	325904	673206	55.946158	-3.1879727
70605	6125	EH15 1NY	NT 30148 73291	330148	673291	55.947558	-3.1200565
70610	9201	EH13 9AF	NT 22775 69346	322775	669346	55.910992	-3.2369547
70639	11209	EH16 5TY	NT 27221 70841	327221	670841	55.925115	-3.1662517
70658	7308	EH8 7RX	NT 28865 74091	328865	674091	55.954556	-3.1408069
70662	18316	EH4 4PL	NT 21981 75952	321981	675952	55.970203	-3.2515657
70709	5786	EH4 5BP	NT 20610 75250	320610	675250	55.963672	-3.2733181
70747	6356	EH6 4NY	NT 25992 76409	325992	676409	55.974943	-3.1874448
70766	1840	EH9 1JA	NT 25388 72450	325388	672450	55.939287	-3.1960233
70785	11513	EH7 6RU	NT 29354 74276	329354	674276	55.95629	-3.1330258
70790	8913	EH10 5ER	NT 24397 71449	324397	671449	55.93014	-3.2116032
70841	8050	EH8 9RU	NT 26309 73022	326309	673022	55.944567	-3.1814392
70893	5233	EH16 5TY	NT 27221 70841	327221	670841	55.925115	-3.1662517
70906	3825	EH11 4AU	NT 19724 70829	319724	670829	55.923813	-3.2861896
70911	10149	EH11 4AU	NT 19724 70829	319724	670829	55.923813	-3.2861896
70925	9351	EH14 4AS	NT 17537 69266	317537	669266	55.909403	-3.3206991
70930	14039	EH14 5QB	NT 17873 67725	317873	667725	55.895618	-3.3148574
70978	7441	EH14 3JF	NT 19940 69532	319940	669532	55.912198	-3.2823493
70982	5493	EH6 5JA	NT 26782 76023	326782	676023	55.971597	-3.1746842
70997	10672	EH14 1NQ	NT 22720 71925	322720	671925	55.934149	-3.2385731
71011	5400	EH3 9QQ	NT 24745 72986	324745	672986	55.944001	-3.2064641
71025	7641	EH12 5SS	NT 21632 72931	321632	672931	55.943009	-3.2562763
71082	10953	EH11 2JL	NT 23469 72345	323469	672345	55.938042	-3.2267065
71097	5532	EH13 9AF	NT 22775 69346	322775	669346	55.910992	-3.2369547
71114	11460	EH6 4EG	NT 26259 76825	326259	676825	55.978721	-3.1832817
71129	8629	EH4 6NS	NT 18999 76792	318999	676792	55.977253	-3.2995815
71222	8024	EH3 9QQ	NT 24745 72986	324745	672986	55.944001	-3.2064641
71326	10141	EH3 5EU	NT 25250 74945	325250	674945	55.961678	-3.1989245
71364	5908	EH6 6TL	NT 26650 76370	326650	676370	55.974694	-3.1768932
71379	8658	EH9 1JZ	NT 25491 72509	325491	672509	55.939833	-3.1943911
71398	6587	EH6 8BW	NT 27430 75742	327430	675742	55.969172	-3.1642284
71401	3583	EH4 7NX	NT 19684 74773	319684	674773	55.959233	-3.288005
71420	3025	EH28 8RH	NT 13396 70583	313396	670583	55.920504	-3.3873421
71434	9047	EH12 8XP	NT 18680 73915	318680	673915	55.951357	-3.3038224
71449	7358	EH10 4RP	NT 24583 70972	324583	670972	55.925885	-3.2084937
76000	6663	EH41 3NF	NT 51596 74038	351596	674038	55.956912	-2.7768059
76029	5824	EH31 2HP	NT 48578 82778	348578	682778	56.035116	-2.8268111
76033	19695	EH21 7BP	NT 34331 72194	334331	672194	55.938294	-3.0528234
76052	9786	EH32 0JU	NT 40150 75540	340150	675540	55.969113	-2.9604308
76071	5304	EH41 3NF	NT 51596 74038	351596	674038	55.956912	-2.7768059
76086	4982	EH42 1EE	NT 68111 78631	368111	678631	55.999561	-2.5128659
76103	5426	EH41 3NF	NT 51596 74038	351596	674038	55.956912	-2.7768059
76122	9368	EH32 9QS	NT 39173 74138	339173	674138	55.956396	-2.9757637
76137	9610	EH39 4PU	NT 55456 84967	355456	684967	56.055472	-2.7168067
76141	9497	EH21 7BP	NT 34331 72194	334331	672194	55.938294	-3.0528234
76161	4237	EH42 1EE	NT 68111 78631	368111	678631	55.999561	-2.5128659
76180	4905	EH42 1EE	NT 68111 78631	368111	678631	55.999561	-2.5128659
76194	2898	EH40 3DP	NT 59127 77024	359127	677024	55.98444	-2.656655
76211	4108	EH35 5AB	NT 40667 69018	340667	669018	55.910587	-2.9507126
76226	14058	EH33 2JX	NT 40663 72568	340663	672568	55.942478	-2.951558
77036	6048	EH26 8EZ	NT 23851 61042	323851	661042	55.83657	-3.2174094
77055	8914	EH19 2ET	NT 30792 65588	330792	665588	55.878454	-3.1077716
77074	4710	EH19 2ET	NT 30792 65588	330792	665588	55.878454	-3.1077716
77093	7223	EH25 9NT	NT 26501 63246	326501	663246	55.85678	-3.1757058
77106	18706	EH22 4AA	NT 34425 64308	334425	664308	55.867464	-3.0494039
77111	11524	EH26 8LF	NT 23593 60113	323593	660113	55.828184	-3.2212661
77125	6289	EH37 5PP	NT 39892 63675	339892	663675	55.862492	-2.9619199
77159	8274	EH23 4TP	NT 34406 61598	334406	661598	55.843117	-3.0490511
77197	10111	EH22 1AP	NT 33339 67308	333339	667308	55.894265	-3.0674934
77200	4387	EH22 1LX	NT 30915 69405	330915	669405	55.912761	-3.106782
77271	8702	EH19 2ET	NT 30792 65588	330792	665588	55.878454	-3.1077716
77286	6077	EH20 9LA	NT 27878 65669	327878	665669	55.878754	-3.1543592
78010	9629	EH54 8PY	NT 03332 68759	303332	668759	55.902203	-3.5476625
78024	13189	EH53 0EW	NT 08641 67912	308641	667912	55.895633	-3.4624971
78062	6698	EH52 5LH	NT 07388 72084	307388	672084	55.932866	-3.4839574
78077	9221	EH48 2SS	NS 97110 68384	297110	668384	55.897545	-3.6469882
78109	2975	EH47 9JD	NS 93347 60903	293347	660903	55.829539	-3.7041914
78113	6675	EH52 5LH	NT 07388 72084	307388	672084	55.932866	-3.4839574
78128	8328	EH48 2SS	NS 97110 68384	297110	668384	55.897545	-3.6469882
78132	8742	EH48 2SS	NS 97110 68384	297110	668384	55.897545	-3.6469882
78147	9649	EH55 8EJ	NT 01282 62964	301282	662964	55.849739	-3.5783223
78166	15521	EH49 7ER	NS 99775 77076	299775	677076	55.976172	-3.6076196
78171	12578	EH30 9HA	NT 12825 78317	312825	678317	55.989868	-3.3989796
78190	12638	EH47 0SD	NS 94399 65052	294399	665052	55.867033	-3.6890212
78241	13087	EH48 3QB	NS 93855 68690	293855	668690	55.899586	-3.6991369
78255	12264	EH54 6TP	NT 04861 67679	304861	667679	55.892808	-3.5228376
78260	9977	EH54 6QQ	NT 05732 66210	305732	666210	55.879785	-3.5084038
78306	7707	EH52 5LH	NT 07388 72084	307388	672084	55.932866	-3.4839574
78311	8688	EH54 5DY	NT 06647 68185	306647	668185	55.897703	-3.4944654
78330	7266	EH47 7LL	NS 98726 65794	298726	665794	55.874626	-3.6201873
78344	6291	EH54 9JZ	NT 05763 65132	305763	665132	55.870109	-3.5075332
78359	10068	EH29 9AS	NT 12354 74485	312354	674485	55.955363	-3.4052784
78397	12523	EH54 8PY	NT 03332 68759	303332	668759	55.902203	-3.5476625
78414	5279	EH47 9JD	NS 93347 60903	293347	660903	55.829539	-3.7041914
80005	8537	KA22 8BS	NS 22926 42066	222926	642066	55.639796	-4.8149702
80010	4149	KA22 7DX	NS 23527 43252	223527	643252	55.650658	-4.8061958
80058	7947	KA8 8DD	NS 34068 22906	234068	622906	55.471751	-4.6266542
80062	5212	KA7 2AQ	NS 33457 21548	233457	621548	55.459354	-4.6354953
80077	2252	KA7 1UQ	NS 33799 21485	233799	621485	55.458905	-4.6300551
80081	9338	KA7 1UL	NS 33673 21642	233673	621642	55.460271	-4.6321394
80096	8375	KA7 2DF	NS 33496 21435	233496	621435	55.458353	-4.6348115
80109	7690	KA7 1BJ	NS 33596 22062	233596	622062	55.464015	-4.6336072
80113	8161	KA7 1UL	NS 33673 21642	233673	621642	55.460271	-4.6321394
80132	1562	KA26 0NB	NX 08386 82651	208386	582651	55.101147	-5.0049243
80147	5929	KA15 2AE	NS 34784 54075	234784	654075	55.75176	-4.6340405
80166	3833	KA2 0LE	NS 39607 38313	239607	638313	55.6119	-4.5480586
80171	13690	KA18 1BF	NS 56745 20024	256745	620024	55.453045	-4.2667504
80185	1352	KA26 9SH	NS 26911 01395	226911	601395	55.276201	-4.7264194
80202	3517	KA6 7QL	NS 47903 05833	247903	605833	55.322974	-4.3987002
80217	6128	KA24 4AF	NS 28993 49287	228993	649287	55.706777	-4.7232013
80255	5440	KA2 9HF	NS 36590 34517	236590	634517	55.576823	-4.5936537
80260	6096	KA4 8HW	NS 50213 36639	250213	636639	55.600253	-4.3789295
80274	4278	KA26 9HQ	NX 19135 98598	219135	598598	55.248306	-4.8468717
80289	3725	KA26 9HQ	NX 19135 98598	219135	598598	55.248306	-4.8468717
80306	9112	KA11 1JU	NS 34185 39334	234185	639334	55.619246	-4.6346562
80330	6108	KA12 8TJ	NS 31695 40757	231695	640757	55.631163	-4.6750191
80344	12184	KA12 0AY	NS 32316 38832	232316	638832	55.6141	-4.6639938
80363	7601	KA25 6HS	NS 31515 53694	231515	653694	55.747214	-4.6858285
80378	17358	KA3 7AE	NS 43240 37903	243240	637903	55.609403	-4.4902073
80397	10941	KA1 2DJ	NS 42335 37824	242335	637824	55.608402	-4.504514
80400	11857	KA1 1RU	NS 42512 37524	242512	637524	55.605766	-4.5015356
80414	8727	KA1 2BD	NS 42429 37835	242429	637835	55.608531	-4.5030297
80467	3482	KA19 7BY	NS 30100 10019	230100	610019	55.354719	-4.6815009
80491	4038	KA19 7BY	NS 30100 10019	230100	610019	55.354719	-4.6815009
80518	3811	KA18 4BA	NS 62026 13246	262026	613246	55.393703	-4.1799576
80522	4087	KA6 7LX	NS 41582 10269	241582	610269	55.360801	-4.5007287
80537	10373	KA9 1AQ	NS 35059 26162	235059	626162	55.501312	-4.6129295
80541	6904	KA9 1AW	NS 35334 26263	235334	626263	55.502312	-4.6086407
80556	10448	KA21 5LX	NS 24853 41434	224853	641434	55.634822	-4.7839916
80561	4098	PA17 5AR	NS 19564 67649	219564	667649	55.868134	-4.8852235
80594	10750	KA3 5BP	NS 42081 45930	242081	645930	55.681083	-4.5132003
80607	10873	KA10 6BQ	NS 31824 31059	231824	631059	55.544163	-4.667059
80611	7302	KA10 6QR	NS 31939 31143	231939	631143	55.544957	-4.6652895
80679	1191	KA28 0DE	NS 16429 55022	216429	655022	55.753646	-4.9267303
80698	11431	KA12 9DY	NS 32361 40227	232361	640227	55.626636	-4.6641298
80701	4606	KA20 3AB	NS 26602 42010	226602	642010	55.640619	-4.756606
80720	8917	KA6 7AY	NS 44380 18343	244380	618343	55.434178	-4.4611359
80749	8755	KA5 6RU	NS 52847 25698	252847	625698	55.502829	-4.3313375
80753	12262	KA13 6BL	NS 30182 43235	230182	643235	55.652878	-4.7005537
80768	4399	KA13 6EH	NS 30109 43340	230109	643340	55.653794	-4.7017774
80772	2903	KA18 2AY	NS 55050 22028	255050	622028	55.470538	-4.2945735
80787	7300	KA17 0HD	NS 55824 37544	255824	637544	55.610072	-4.2904286
80842	6336	KA7 3PR	NS 35180 19675	235180	619675	55.443125	-4.6071673
80857	13356	KA30 8LH	NS 20416 59790	220416	659790	55.797928	-4.8664299
80908	10491	KA1 2DL	NS 42372 37762	242372	637762	55.607857	-4.5038918
80927	5048	KA27 8NS	NS 02267 30258	202267	630258	55.525894	-5.1342229
81012	12453	KA20 3AB	NS 26602 42010	226602	642010	55.640619	-4.756606
84006	811	PA38 4DE	NM 90619 45577	190619	745577	56.555349	-5.4084952
84030	6090	PA28 6AT	NR 71930 20136	171930	620136	55.421898	-5.6055454
84063	577	PA28 6QG	NR 79886 38063	179886	638063	55.586318	-5.4943172
84097	174	PA78 6SY	NM 22422 57105	122422	757105	56.623277	-6.5270694
84129	140	PA61 7YW	NR 39360 94373	139360	694373	56.070938	-6.1896164
84191	5210	PA37 1PH	NM 91305 34279	191305	734279	56.454332	-5.388296
84237	4222	PA23 7HW	NS 17284 77089	217284	677089	55.951981	-4.92799
84241	4086	PA23 8BG	NS 17372 76907	217372	676907	55.950382	-4.9264594
84256	2885	PA23 7HW	NS 17284 77089	217284	677089	55.951981	-4.92799
84275	1048	PA34 4TL	NM 77728 18129	177728	718129	56.303322	-5.5944669
84307	1184	PA32 8XN	NN 02354 00351	202354	700351	56.154751	-5.1838775
84331	1247	PA43 7JD	NR 31605 59678	131605	659678	55.755801	-6.2793955
84345	1309	PA42 7DR	NR 36570 45336	136570	645336	55.630008	-6.1867188
84350	770	PA48 7UD	NR 25531 58853	125531	658853	55.745005	-6.3750641
84383	265	PA60 7XG	NR 53017 69212	153017	669212	55.852658	-5.9477175
84415	6672	PA31 8JZ	NR 86859 88314	186859	688314	56.040125	-5.4232738
84449	520	PA24 8AQ	NN 19983 01382	219983	701382	56.170984	-4.9011615
84538	3486	PA75 6PN	NM 50109 54962	150109	754962	56.619657	-6.0749688
84581	11182	PA34 4HE	NM 86079 29517	186079	729517	56.409287	-5.4690341
84646	6324	PA20 9JL	NS 08715 63940	208715	663940	55.830673	-5.0557234
84684	961	PA27 8BX	NN 08772 02252	208772	702252	56.174423	-5.0820797
84716	1537	PA23 8SE	NS 16038 82487	216038	682487	55.999941	-4.9516059
84740	1759	PA29 6TY	NR 86225 68672	186225	668672	55.863679	-5.4178575
84773	1131	PA21 2BE	NR 97447 72186	197447	672186	55.900047	-5.2414812
84805	756	PA77 6UN	NM 02004 44151	102004	744151	56.494785	-6.8437743
84810	1168	PA29 6XD	NR 68011 40264	168011	640264	55.600544	-5.6841751
85009	1114	G83 7AE	NN 29583 03571	229583	703571	56.194159	-4.7481427
85032	2548	G82 1PW	NS 39362 75575	239362	675575	55.946283	-4.5739115
85047	5584	G82 1PW	NS 39362 75575	239362	675575	55.946283	-4.5739115
85066	8343	G82 1PW	NS 39362 75575	239362	675575	55.946283	-4.5739115
85071	3461	G82 1PW	NS 39362 75575	239362	675575	55.946283	-4.5739115
85090	4403	G82 1PW	NS 39362 75575	239362	675575	55.946283	-4.5739115
85117	1868	G84 0SL	NS 23752 91517	223752	691517	56.08387	-4.8340156
85141	9422	G84 7QL	NS 29857 82407	229857	682407	56.004325	-4.7302475
85155	9034	G84 7QL	NS 29857 82407	229857	682407	56.004325	-4.7302475
85193	2444	G84 0JL	NS 24292 80596	224292	680596	55.986067	-4.8181928
85225	4810	G83 0UA	NS 38443 80799	238443	680799	55.992863	-4.5917456
85230	7783	G83 0NB	NS 39212 80134	239212	680134	55.987153	-4.579033
85259	3621	G83 0UE	NS 38808 80622	238808	680622	55.991397	-4.5857943
85403	9308	G83 0UE	NS 38808 80622	238808	680622	55.991397	-4.5857943
86001	8120	PA19 1AQ	NS 24295 77814	224295	677814	55.961103	-4.8163289
86177	9285	PA16 8HW	NS 27258 76324	227258	676324	55.948806	-4.7679701
86181	6098	PA15 4DG	NS 27164 76053	227164	676053	55.94634	-4.7692998
86196	2896	PA13 4AP	NS 35889 69783	235889	669783	55.893124	-4.625941
86209	3546	PA13 4LE	NS 35762 69814	235762	669814	55.893359	-4.6279884
86228	2884	PA15 4NH	NS 27702 75774	227702	675774	55.944029	-4.7605175
86271	3904	PA14 5EW	NS 32310 74550	232310	674550	55.934674	-4.686063
86285	3842	PA14 5EW	NS 32310 74550	232310	674550	55.934674	-4.686063
86321	3961	PA14 5EW	NS 32310 74550	232310	674550	55.934674	-4.686063
86336	5099	PA14 5UD	NS 33661 73377	233661	673377	55.924616	-4.6637388
86341	5463	PA15 4DG	NS 27164 76053	227164	676053	55.94634	-4.7692998
86360	10198	PA15 4NH	NS 27702 75774	227702	675774	55.944029	-4.7605175
86374	14584	PA15 4NH	NS 27702 75774	227702	675774	55.944029	-4.7605175
87019	8988	G78 1SW	NS 50320 59102	250320	659102	55.801943	-4.3895126
87023	4101	G78 3HJ	NS 48060 57172	248060	657172	55.783912	-4.4244547
87108	3988	G78 1SW	NS 50320 59102	250320	659102	55.801943	-4.3895126
87112	10311	PA7 5AW	NS 43675 70735	243675	670735	55.904261	-4.502119
87146	10503	PA6 7AR	NS 41142 67177	241142	667177	55.871495	-4.5405033
87165	8319	G78 1SW	NS 50320 59102	250320	659102	55.801943	-4.3895126
87184	8889	PA8 7JQ	NS 47311 70096	247311	670096	55.899692	-4.4436575
87235	2029	PA8 7AF	NS 47023 70716	247023	670716	55.905166	-4.4486099
87292	7656	PA5 8EY	NS 42645 62945	242645	662945	55.834	-4.5140525
87305	4405	PA5 8PZ	NS 42581 62891	242581	662891	55.833495	-4.515042
87324	6581	PA5 8SU	NS 42429 63228	242429	663228	55.83647	-4.5176619
87339	5456	PA5 8SL	NS 42630 63342	242630	663342	55.837559	-4.5145219
87343	4050	PA5 8PZ	NS 42581 62891	242581	662891	55.833495	-4.515042
87409	5667	PA3 3DB	NS 44253 64458	244253	664458	55.848103	-4.4892732
87432	4684	PA12 4AH	NS 35171 58777	235171	658777	55.794095	-4.6307247
87466	7108	PA2 6LR	NS 48332 63176	248332	663176	55.837895	-4.4234705
87471	8893	PA1 1UB	NS 48447 63573	248447	663573	55.841495	-4.4218576
87485	3288	PA3 1NT	NS 46498 64498	246498	664498	55.849182	-4.4534744
87490	9576	PA1 2PS	NS 47349 63944	247349	663944	55.844479	-4.4395834
87502	7330	PA2 6LW	NS 48307 63133	248307	663133	55.837501	-4.4238452
87517	3347	PA2 8DX	NS 47741 61595	247741	661595	55.823517	-4.4320119
87521	4345	PA3 4AD	NS 48580 64368	248580	664368	55.848674	-4.4201794
87541	7549	PA3 4AD	NS 48580 64368	248580	664368	55.848674	-4.4201794
87555	9109	PA1 3QS	NS 48908 64205	248908	664205	55.847313	-4.4148547
87560	5639	PA3 2DY	NS 48217 64559	248217	664559	55.850274	-4.4260786
87606	6162	PA3 4AD	NS 48580 64368	248580	664368	55.848674	-4.4201794
87625	11096	PA1 1SU	NS 48669 63470	248669	663470	55.84064	-4.4182584
87697	7736	PA4 8RU	NS 50939 67850	250939	667850	55.880667	-4.3844517
87700	9545	PA4 8RU	NS 50939 67850	250939	667850	55.880667	-4.3844517
87714	6803	PA4 8RU	NS 50939 67850	250939	667850	55.880667	-4.3844517
87729	4860	PA5 8PZ	NS 42581 62891	242581	662891	55.833495	-4.515042
87733	4156	PA8 6BS	NS 46004 71110	246004	671110	55.908378	-4.4651175
90031	8068	HS1 2PS	NB 43229 33179	143229	933179	58.212331	-6.3733613
90098	1271	HS3 3BG	NB 14916 00416	114916	900416	57.901725	-6.8138344
90101	565	HS5 3UA	NG 01850 86387	101850	886387	57.767668	-7.015919
90115	1403	HS6 5AE	NF 91788 68955	91788	868955	57.604931	-7.1620849
90120	2322	HS7 5QA	NF 78649 51852	78649	851852	57.442823	-7.3584464
90134	1011	HS8 5SS	NF 75346 21167	75346	821167	57.16606	-7.3729458
90149	1279	HS9 5XD	NL 66428 98300	66428	798300	56.955202	-7.4893732
90172	5877	HS1 2XB	NB 42429 32836	142429	932836	58.208793	-6.3865564
90204	5263	HS2 9JP	NB 35194 26953	135194	926953	58.151834	-6.5026151
